{
  "intents": [
    {
      "tag": "greeting",
      "patterns": [
        "Hi",
        "Hey",
        "How are you",
        "Is anyone there?",
        "Hello",
        "Good day"
      ],
      "responses": [
        "Hey :-)",
        "Hello, thanks for visiting",
        "Hi there, what can I do for you?",
        "Hi there, how can I help?"
      ]
    },
    {
      "tag": "goodbye",
      "patterns": ["Bye", "See you later", "Goodbye"],
      "responses": [
        "See you later, thanks for visiting",
        "Have a nice day",
        "Bye! Come back again soon."
      ]
    },
    {
      "tag": "thanks",
      "patterns": ["Thanks", "Thank you", "That's helpful", "Thank's a lot!"],
      "responses": ["Happy to help!", "Any time!", "My pleasure"]
    },
    {
      "tag": "items",
      "patterns": [
        "Which items do you have?",
        "What kinds of items are there?",
        "What do you sell?"
      ],
      "responses": [
        "We sell coffee and tea",
        "We have coffee and tea"
      ]
    },
    {
      "tag": "payments",
      "patterns": [
        "Do you take credit cards?",
        "Do you accept Mastercard?",
        "Can I pay with Paypal?",
        "Are you cash only?"
      ],
      "responses": [
        "We accept VISA, Mastercard and Paypal",
        "We accept most major credit cards, and Paypal"
      ]
    },
    {
      "tag": "delivery",
      "patterns": [
        "How long does delivery take?",
        "How long does shipping take?",
        "When do I get my delivery?"
      ],
      "responses": [
        "Delivery takes 2-4 days",
        "Shipping takes 2-4 days"
      ]
    },
    {
      "tag": "funny",
      "patterns": [
        "Tell me a joke!",
        "Tell me something funny!",
        "Do you know a joke?"
      ],
      "responses": [
        "Why did the hipster burn his mouth? He drank the coffee before it was cool.",
        "What did the buffalo say when his son left for college? Bison."
      ]
    },
    {
            "tag": "CreateComplianceRule",
            "patterns": [
                "Create a compliance rule where no more than {LimitPercentage}% of {AssetType} in {InstrumentType}.",
                "Set up a rule limiting {InstrumentType} to {LimitPercentage}% of {AssetType}.",
                "Add a compliance rule for {LimitPercentage}% maximum in {InstrumentType}.",
                "Ensure that {InstrumentType} does not exceed {LimitPercentage}% of {AssetType}.",
                "Create a rule with a maximum of {LimitPercentage}% in {InstrumentType} of {AssetType}."
            ],
            "responses": [
                "Compliance rule created successfully."
            ],
            "slots": [
                {
                    "name": "RuleType",
                    "type": "string",
                    "required": true,
                    "prompts": {
                        "en": "What type of rule are you creating?"
                    },
                    "default": "compliance rule"
                },
                {
                    "name": "LimitPercentage",
                    "type": "number",
                    "required": true,
                    "prompts": {
                        "en": "What is the percentage limit for this rule?"
                    }
                },
                {
                    "name": "AssetType",
                    "type": "string",
                    "required": true,
                    "prompts": {
                        "en": "Which type of assets does this rule apply to?"
                    }
                },
                {
                    "name": "InstrumentType",
                    "type": "string",
                    "required": true,
                    "prompts": {
                        "en": "Which financial instrument or obligation is involved in this rule?"
                    }
                }
            ]
        }
  ]
}
